Overview,Website,Industry,Company Size,Headquarters,Founded,Specialties,Company Name,LinkedIn URL
"MobiKwik is India's leading FinTech platform, offering a wide range of financial products for both consumers and merchants, including payments, digital credit, and investments. 

We are a technology-first company leveraging big data analytics and deep data science (including machine learning) to continuously delight users and merchants on our platform. Our mission is to build a world class payments and credit product for Bharat!

Founded in 2009 by Bipin Preet Singh and Upasana Taku, MobiKwik has grown to become a platform trusted by 172 million+ Indians. Our users can easily make payments for their everyday needs, such as utility bills, e-commerce, food delivery, and shopping at small and large retail chains, as well as mom-and-pop(Kirana) stores across our 4.5 million+ merchants.

For more information: https://www.mobikwik.com",https://www.mobikwik.com/,Financial Services,"501-1,000 employees","Gurugram, Haryana",2009,"Consumer Payments, Mobile Wallet, Buy Now Pay Later, Payment Gateway, Recharge, Bill Payments, Money Transfer, BHIM UPI, Mutual Funds, and Digital Gold",MobiKwik,https://www.linkedin.com/company/mobikwik/
"The National Stock Exchange of India Limited, India‚Äôs largest stock exchange & world‚Äôs largest derivatives exchange. Follow us for updates on exchange traded products, insight on capital markets, Indian economy and  investor education. Disclaimer - https://bit.ly/3xgvlFQ",http://www.nseindia.com/,Capital Markets,"501-1,000 employees","Mumbai, Maharastra",N/A,N/A,National Stock Exchange,https://www.linkedin.com/company/nseindia/
"Mobile Premier League (MPL), the largest skill-gaming platform in India, allows users to participate in free as well as paid competitions across 60+ games in multiple categories, including fantasy sports, sports games, puzzle, casual and board games. Founded in 2018, MPL hosts hundreds of millions of tournaments a month and is trusted by over 120 million registered users in India, United States and Nigeria. 

To learn more about MPL, please visit www.mpl.live.",https://www.mpl.live/,Internet Publishing,"1,001-5,000 employees","Bengaluru East, Karnataka",N/A,N/A,Mobile Premier League,https://www.linkedin.com/company/mobile-premier-league/
"Founded in 2018 with a bold vision, Pocket FM set out to revolutionize the entertainment landscape by pioneering the audio series category. Our unique episodic style has ignited a binge-listening revolution, with users spending an average of 115 minutes daily on the platform. Our thriving community of over 200 million listeners streams over 6.5 billion minutes every month.

Boasting more than 35,000 audio series, we are driven by a talented community of 250,000+ writers worldwide. As a Series D-stage company, we have raised $196.5 million from notable investors, including Lightspeed, Stepstone, Tanglin Venture Partners, and Goodwater Capital.

Today, we are the largest audio series platform globally, redefining how the world experiences stories‚Äîone episode at a time! Join us in our journey to recreate the future of entertainment.",https://www.pocketfm.com/,Entertainment Providers,"501-1,000 employees",N/A,2018,N/A,Pocket FM,https://www.linkedin.com/company/pocket-fm/
"Addverb is at the global forefront of delivering innovation in robotics and automation, with a vision of pioneering human-robot collaboration. We empower businesses across diverse industries and geographies to revolutionise their intralogistics and supply chains by serving as a single source for both fixed and flexible automation solutions. We design and manufacture intelligent robots that are powered by our robust modular software suite, all developed in-house.

Founded in 2016, Addverb has grown rapidly from its humble beginnings in Delhi NCR, India, to 15 global offices. We serve global clients across regions including but not limited to India, the USA, Southeast Asia, Europe, the Middle East, and Australia.
 
Our esteemed clients‚Äîincluding Maersk, DHL, Reliance Group, PepsiCo, and Mondial Relay‚Äîleverage our warehouse automation solutions to:

1. Cut delivery time by 3x with our Mobile Robots
2. Increase floor space utilisation by 85% with Automated Storage and Retrieval System
3. Manage order fulfilment and returns smoothly with Sorting Robots
4. Achieve a pick accuracy of 99.99% with Picking Robots
 
Our latest innovations in advanced robotics include:

1. Trakr, Assistive Robot Dog: Excels in facility inspections, patrols, and surveillance
2. Heal, Medical Cobot: Transforms healthcare with an innovative approach to rehabilitation and imaging
3. Exoskeleton: Provides wearable robotic assistance for upper limb support
4. Humanoid: Next-gen robotics for human-centric tasks
5. Syncro, Cobot: Engineered for collaborative operations
 
Our global headquarters is in Delhi NCR, India.
US Headquarters in Irvine, California.
EMEA Headquarters in Zoetermeer, the Netherlands.
Research facilities are based in California, USA, and Delhi NCR, India.",https://addverb.com/,Automation Machinery Manufacturing,"501-1,000 employees","Noida, Uttar Pradesh",2016,"Warehouse Automation, Consultancy, Robotics, Software (WMS/WCS/MES) IOT, Industrial IoT, Intralogistics Automation, Automation, Warehouse Operations, and supply chain",Addverb,https://www.linkedin.com/company/addverb/
"Company Vision: 'To be the one-stop destination for smarter solutions related to all property needs'
Now follow Magicbricks on https://bit.ly/2Qva9XG

Life @ Magicbricks: Magicbricks offers you a culture that is all about 
innovation and winning. It challenges you and brings out the absolute best out of you. The dynamism here is such that it brings out the next level in you, unleashing your true potential much more than you have ever imagined. This will eventually turn you into a high-performer who is full of ideas, solutions and unmatchable confidence. 

About the Business: Magicbricks.com is India‚Äôs No 1 Property Site and has been adjudged as the most preferred site in India, by independent surveys. We provide a platform for buyers & sellers to locate properties of interest & source information on real estate that can be of use to all.

For opportunities to work at magicbricks, explore https://www.magicbricks.com/careers/index.html",http://www.magicbricks.com/,Real Estate,"501-1,000 employees","Noida, Uttar Pradesh",2006,"Real Estate, Property Buying, Property Selling, Property Renting, Luxury Homes, Affordable Homes, Budget Homes, Property Advice, Residential Properties, Commercial Properties, Property Deals, Real Estate Discussion Forum, Legal property services, Vaastu Services, Property Auctions, and MBTV",Magicbricks,https://www.linkedin.com/company/magicbricks/
"At Cashfree Payments, we‚Äôre not just shaping the future of payments - we‚Äôre moving fast to help scale businesses of all sizes at different stages of their growth journeys.

Founded in 2015, we process transactions worth $80B annually and are trusted by more than 800,000 businesses. Authorised by the Reserve Bank of India, we are one of the first entities to receive critical licences like PA-PG, PA-CB and PPI in the sector. We enable seamless collections, payouts, identity verification, and fraud detection.

We are backed by Silicon Valley investor Y Combinator, Apis Partners, KRAFTON Inc, State Bank of India (SBI), and were incubated by PayPal.",http://www.cashfree.com/,Financial Services,"501-1,000 employees","Bangalore, Karnataka",2015,"Payment Gateway, Invoicing, Maketplace Settlements, IMPS, NEFT, RTGS, Internet Banking, UPI, Escrow Account, API Banking, payouts, fintech, Y combinator, startups, Entrepreneur, innovation, payments, online business, upi autopay, growth, and Technology",Cashfree Payments,https://www.linkedin.com/company/cashfree/
"Looking to provide insurance solutions for your business or for your customers? Look no further! Zopper's Insurance Infrastructure APIs will enable insurance solutions for you in no time. Right from creating a customised insurance plan for you and your customers, to providing the right APIs, we offer a complete product solution. We partner with Lifestyle, Digital and Financial Ecosystem companies to offer bespoke and off-the-shelf insurance solutions.",https://www.zopper.com/,Insurance,"501-1,000 employees","Noida, Uttar Pradesh",2011,N/A,Zopper,https://www.linkedin.com/company/zopper/
"Shiprocket is India‚Äôs largest eCommerce enablement platform providing digital retailers an end-to-end customer experience platform. The platform which is creating an operating system for direct commerce enables shipping, fulfillment, customer communication and marketing tools as well as providers for SMEs, D2C retailers, and social commerce retailers in India. With 25+ courier partners on board, the brand enables pan-India as well as international shipping deliveries. Its shipping solutions are available across 24,000+ pin codes within India and 220 countries worldwide.

Launched in 2017, Shiprocket is on a mission to create a seamless logistics data platform that connects retailers, carriers, and consumers across national and international locations. Shiprocket provides a technology stack to help retailers integrate their shopping websites on Shopify, Magento, Woocommerce, Zoho, or others with the platform‚Äôs multi-carrier API to manage orders, print shipping labels, and avail tracking information from multiple providers including managing Cash on Delivery (COD) orders and payment reconciliation. Shiprocket also offers state-of-the-art fulfillment solutions with more than 35+ warehouses located across India. The technology stack provides a robust post-purchase experience to consumers, resulting in higher engagement and lower RTO (failed deliveries).

Today, Shiprocket is the platform behind 2.5 lakh plus sellers who generate a GMV of more than $2.5B annually. The platform delivers packets to more than 70M consumers annually and is growing transactions 2.5-3X year on year.",https://www.shiprocket.in/?utm_source=Linkedin&utm_medium=social,"Technology, Information and Internet","501-1,000 employees","New Delhi , Delhi",2012,"Ecommerce Shipping, Automated Shipping, Domestic Shipping, Global Ecommerce Shipping, B2B Shipping, Customer Experience Tools, and Conversion Tools",Shiprocket,https://www.linkedin.com/company/shiprocket/
"Orange Health is India's leading on-demand diagnostic lab. 

Our vision is to make healthcare seamless for consumers in their homes by enabling doctors to treat their patients in real-time.
To do this, we provide 60 min at-home testing for over 2,000 tests along with fast results.

Consumers love this, and have rated Orange Health 4.9/5 on Google - among the highest-rated diagnostic labs in India!

We combine the latest consumer tech experience with the veracity of high-quality healthcare, giving consumers a mind-blowing experience, where they say 'its easier than ordering a pizza'
Launched in Bangalore, Gurgaon & Noida. Coming soon to every city!

Backed by leading global investors, we have a team of experienced leaders, operators, engineers, medical professionals, and more - all of whom love making healthcare better for people like you and us!

We are a team that loves our work and play. We love people with varied interests. We have hockey players, pianists, competitive swimmers, marathoners, science geeks, gamers, mountaineers, sailors, models, bikers, singers, boxers, vada-pav lovers, coffee afficionados, chocoholics and more. 
Come add to this list!",http://www.orangehealth.in/,Hospitals and Health Care,"501-1,000 employees","Bangalore, Karnataka",2020,"Diagnostics, At-home healthcare, Technology, and Startups",Orange Health Labs,https://www.linkedin.com/company/orange-health/
"Bhanzu, founded by the World's Fastest Human Calculator is a math-learning platform with a meticulously designed curriculum that helps students become 4x quicker and better at math by nurturing their cognitive abilities and building their core math acumen. 

The vision of Bhanzu is to build the most thought through math curriculum using personalised AI-aided methodology, which builds confidence in students, by enabling them to apply math in the real world.",https://bhanzu.com/book-demo/?utm_source=BhanzuLinkedIn,Higher Education,"501-1,000 employees","Hyderabad, Telangana",2020,"mental ability, corporate training, and math education",Bhanzu,https://www.linkedin.com/company/bhanzu/
"Leap is the complete platform for the professional contractor. Whether you‚Äôre a neighborhood contractor or a national franchise, you get a complete platform to handle everything from sales to production management to customer service ‚Äì all in a single platform.",https://leaptodigital.com/,Software Development,51-200 employees,"Columbia, Maryland",2016,"Digital Solutions, CRM Integration, Estimating, Bidding, Proposals, Contracts, Financing, Billing, Sales Software, Price Guide, E-Signatures, Remote Signatures, Digital Documents, Digital Resources, Price Control, Presenting Price, Automating Sales Processes, Digital Presentations, Eliminate Errors, Measurement Integrations, and Integrations",Leap,https://www.linkedin.com/company/leaptodigital/
"Launched in 2007, BookMyShow, owned and operated by Big Tree Entertainment Pvt Ltd (founded in 1999), is India's leading entertainment destination and the one-stop-shop for every out-of-home entertainment need. The firm is present in over 650 towns and cities in India and works with partners across the industry to provide unmatched entertainment experiences to millions of customers. Over the years, the company has evolved from a purely online ticketing platform for movies across 6,000 screens to end-to-end management of live entertainment events including music concerts, live performances, theatricals, sports, and more, all accomplished at par with global standards. Some of the key properties that BookMyShow has brought to its markets over the past few years include U2‚Äôs The Joshua Tree Tour, NBA‚Äôs debut games in India, Disney‚Äôs Aladdin, Cirque du Soleil BAZZAR as also international artists such as Coldplay, Ed Sheeran, Justin Bieber to name a few.  

 

BookMyShow has also built India‚Äôs largest organic reviews and ratings engine for movies and has driven technology innovations, such as the m-ticket and Movie Mode, impacting tens of millions of users and the industry at large. With continued support from investors including TPG Growth, Stripes Group, Elevation Capital (formerly SAIF Partners), Accel, and Network18, BookMyShow is invested in providing the best user experience, whether on-ground or online. Demonstrating category leadership, BookMyShow has grown beyond India with operations in Dubai, Indonesia, Sri Lanka, and Singapore amongst others. The Mumbai-headquartered company counts Ticket Green, Eventifier, Masti Tickets, Townscript, and Burrp amongst its key investments in the sector. BookMyShow is also committed to society at large, by way of its charity initiative BookASmile, which provides entertainment experiences to the underprivileged. For more information, please visit www.bookmyshow.com.",http://in.bookmyshow.com/,Entertainment Providers,"1,001-5,000 employees",N/A,2007,"Online Ticketing, Online Marketing, Online Reviews, and Online Customer Delight",BookMyShow,https://www.linkedin.com/company/bookmyshow/
"Jupiter is an all things money app with one simple aim ‚Äì to deliver a financial experience that keeps pace with you. We help you cut through the jargons, offer smart insights based on your spending, and provide you with a range of new-age features to enable you to make sense of your finances.",http://jupiter.money/,Banking,"501-1,000 employees","Mumbai, Maharashtra",2019,N/A,Jupiter,https://www.linkedin.com/company/jupiter-money/
"Welcome to SUN Mobility, where we aim to make electric vehicles affordable and accessible to all. 

SUN Mobility is a joint venture between the Maini Group and SUN Group -co-founded by Chetan Maini, founder of India‚Äôs first electric car company, Reva, and Uday Khemka, Vice Chairman of the SUN Group. 

At SUN Mobility, we believe electric vehicles are the future of mobility, and we aim to accelerate the adoption of electric mobility with our innovative battery swapping technology. Our technology is designed to be universally interoperable across various vehicle platforms and form factors, making it future-proof, sustainable and highly scalable. 

With our state-of-the art Smart Batteries and vast network of IoT-enabled Swap Points, EV charging times and range anxiety are a thing of the past. Our unique approach of separating the batteries from vehicles through the battery subscription model addresses key issues such as high upfront cost, range anxiety and long charging times. 

Our battery swapping services are not only faster and more convenient than traditional EV charging, but they are also better for the planet.  With collaborations and partnerships spanning the best of the industry‚Äôs vehicle manufacturers, battery cell technology providers, fleet operators, ride-sharing players and last-mile transport operators, we are proud to be at the forefront of the EV revolution. 

Join us on our journey towards a clean, green, and sustainable future for us all.",https://www.sunmobility.com/,Renewable Energy Equipment Manufacturing,"501-1,000 employees","Bangalore, Karnataka",2017,N/A,SUN Mobility,https://www.linkedin.com/company/sunmobility/
"SarvaGram is India's 1st rural household-centric platform for financial services, risk mitigant & productivity enhancement Farm tools.

We provide Loan & Insurance services, currently in the states of Maharashtra, Gujarat, Rajasthan, Karnataka & Telangana. We offer Farm loan, Business loan, Home loan, Consumer durable loan, Personal loan, Gold loan. One-stop-shop for all types of credit needs.

Our Insurance partners are HDFC Life, Bajaj Allianz and HDFC ERGO.

Farm Mechanization services are provided through our franchisee partners SarvaMitra who is local to your village and has implements for all seasons on pay per use basis.",http://www.sarvagram.com/,Financial Services,"1,001-5,000 employees","Pune, Maharashtra",2018,High touch- High Tech and Reaching underbanked but credit worthy,SarvaGram,https://www.linkedin.com/company/sarvagram-fincare-pvt-ltd/
"India‚Äôs first and largest end-to-end smartphone solution provider. 
- Use our buying guide to purchase the smartphone that‚Äôs best suited for you. 
- Buy the trendiest high quality mobile accessories that give you the edge.
- Get your smartphone repaired at the most affordable prices by our super-skilled technical team.
- Shop from our wide range of refurbished smartphones at exciting prices and 6 months warranty.
- Sell your used smartphone right from your doorstep and get instant cash on the spot.

Get in touch with us for everything mobile and find services at zero hassles.",http://www.cashify.in/,Consumer Services,"501-1,000 employees","Gurgaon, Haryana",2009,Recommerce and Consumer Internet,Cashify,https://www.linkedin.com/company/cashify/
"Molbio is a disruptor in the global healthcare landscape, shifting existing paradigms in point-of-care diagnostics. With a vision focused on universalizing access to precise, rapid and cost-effective healthcare technologies, Molbio is at the forefront of providing cutting-edge solutions for quality healthcare delivery at the last mile by decentralizing and democratizing diagnostics through its advanced portable platforms. Renowned for its WHO-endorsed Truenat¬Æ real-time PCR platform, and an ever-growing basket of tests, Molbio empowers remote, resource-poor settings worldwide to implement sophisticated diagnostics for infectious diseases like TB and hepatitis to non-communicable diseases such as breast cancer, sickle cell disease, diabetes, and more.",http://www.molbiodiagnostics.com/,Medical Equipment Manufacturing,"1,001-5,000 employees","VERNA, Goa",2000,"Molecular Diagnostics, TB Diagnostic Tools, Point of care testing, Portable Multi Disease RT-PCR, Ultra Portable Handheld X-Ray, Breast Cancer Screening with AI, TRUENAT, PRORAD, and portable healthcare diagnostic solutions",Molbio Diagnostics,https://www.linkedin.com/company/molbio-diagnostics/
"Varthana provides loans and support to affordable private schools in India with the goal of improving access to quality education to India's low-income and emerging middle class families. 

Varthana partners with those education entrepreneurs who have a sense of urgency about improving access to quality education in low-income communities. These entrepreneurs are usually (not always) ex-educators themselves, who have spent time teaching children in the neighborhood and have then slowly expanded to start a school. They are driven by their mission to provide a robust education, often far superior to the government alternatives.

Loans are typically used to either improve the quality or expand the capacity of the school.

You can connect with us on hello@varthana.com",https://www.varthana.com/,Financial Services,"501-1,000 employees","Bengaluru, Karnataka",2013,N/A,Varthana,https://www.linkedin.com/company/varthana/
"Established in 2018, CoinDCX is the preferred crypto exchange in India, but also an instrumental player in building the broader Web3 ecosystem. 

Trusted by over 1.4 crore registered users. Our mission is simple: to provide easy access to Web3 experiences and democratize investments in virtual digital assets. We prioritize user safety and security, strictly adhering to KYC and AML guidelines. 

In our commitment to quality, we employ a stringent 7M Framework for the listing of crypto projects, ensuring users access only the safest virtual digital assets. CoinDCX has partnered with Okto for India to launch a secure multi-chain DeFi app that offers a keyless, self-custody wallet . It aims to simplify the world of decentralized finance (DeFi) by providing a secure, user-friendly, and innovative solution for managing virtual digital assets. 

Through CoinDCX Ventures, we've invested in over 15 innovative Web3 projects, reinforcing our dedication to the Web3 ecosystem. Our flagship educational initiative, #NamasteWeb3, empowers Indians with web3 knowledge, preparing them for the future of virtual digital assets. CoinDCX's vision and potential have gained the confidence of global investors, including Pantera, Steadview Capital, Kingsway, Polychain Capital, B Capital Group, Bain Capital Ventures, Cadenza, Draper Dragon, Republic, Kindred, and Coinbase Ventures. 

At CoinDCX, we're leading India towards the decentralized future of Web3 with an unwavering commitment to safety, simplicity, and education.",http://coindcx.com/,Financial Services,"501-1,000 employees","Mumbai, Maharashtra",2018,"cryptocurrency, blockchain, digital assets, cryptocurrency exchange, bitcoin, xrp, usd, usdc, usdt, eth, crytpo trading india, crypto updates, p2p, wallets, and 250+ Markets",CoinDCX,https://www.linkedin.com/company/coindcx/
"ACKO is the protection destination for over 200 million tech-savvy families across India, protecting their families, assets and money. Launched in 2016, we set out to solve real-world problems with technology, starting with insurance and in the process, we‚Äôve meaningfully redefined the category.

As a customer-first company, we believe insurance should be simple, fair and hassle-free. That‚Äôs why we pioneered the D2C model in India, empowering customers with zero commission, zero paperwork, instant renewals, same-day claim settlements and app-based claim updates. From auto and health insurance to embedded, bite-sized coverages, ACKO is built for the digital age, where protection is just a click away.

Backed by top investors like General Atlantic, Multiples Private Equity, Accel, and Amazon, we‚Äôve raised over $450 million, grown at 88% CAGR in four years, served 75+ million customers, and issued ~900 million policies.

And we‚Äôre just getting started!

Check us out at www.acko.com",http://www.acko.com/,"Technology, Information and Internet","1,001-5,000 employees","Bangalore, Karnataka",2016,N/A,Acko,https://www.linkedin.com/company/acko/
"Established in 1982, ""Alex Jewelry Pvt. Ltd"" stands as a premier player in the domain of Imitation & Fashion jewelry, encompassing the roles of manufacturers, exporters, and importers. 

Our product range, crafted from superior-grade materials, has garnered widespread acclaim for its impeccable finish, captivating designs, and striking color combinations. Introducing the avant-garde ""Sanskruti"" brand, we've unveiled a splendid line of heavy deposition One Gram Gold Forming jewelry, showcasing our commitment to innovation.

In addition to our contemporary offerings, we boast an extensive collection of traditional jewelry under the distinguished brands of Alex and Rx Alex. These brands have swiftly ascended to market leadership, commanding a remarkable 60% share in the guaranteed jewelry segment. Look for the distinctive 'Rx' or 'Ax' mark on each piece, a symbol of authenticity and quality.

To experience the allure of our creations, visit our exclusive showrooms located in key cities:

Mumbai, Chennai, Coimbatore, Hyderabad, Bangalore

At ""Alex Jewelry Pvt. Ltd,"" we blend tradition with innovation, setting the stage for a captivating journey through the world of exquisite jewelry.",http://www.alexjewellery.com/,Retail Apparel and Fashion,201-500 employees,"Mumbai, Maharashtra",1982,"Imitation jewellery, Costume jewellery, Fashion Jewellery, American Diamond Necklace Set, Antique Necklace sets, Bridal Sets, Kundan Necklace Sets, and Antique Peacock Necklace Sets",Alex Jewellery,https://www.linkedin.com/company/alex-jewellery/
"Welcome to ENCO! We are a technology focused company that specialises in vehicle body sub-assemblies, suspensions & chassis products and are backward integrated into robotics, tooling & automation. Over the last 40 years we have supplied over 0.6 Billion components to over 25 companies across 4 countries which have been fitted in over 25 million passenger vehicles which have been sold in over 20 countries to generate over 100 Billion USD of revenue for our customers.

Since 1983, ENCO has remained steadfast at the helm of the global automotive industry, channeling years of pioneering research, engineering expertise, & innovation to provide world-class automotive products & services. With operations spreading across six locations in India, we excel in providing world-class services like robotic welding, assembly, forging, machining, plastics, IoT & industry 4.0 practices, transfer and progressive stamping, robotic welding, machining, ED coating, CNC bending, and injection moulding. Our expertise ranges from high tensile, progressive & transfer tooling, robotic fixtures, & PLC Controlled special purpose machines (SPM) to product design & simulation using FEA & CAE.

We proudly showcase a repertoire of more than 600+ unique products from Body In White (BIW) systems, side impact systems, suspensions, brake housings, & Anti vibration engine/motor mounts. 

Proud to serve prominent OEMs like Maruti Suzuki, Suzuki Motor Gujarat, Toyota, MG Motors, we are also a tier 2 supplier to a host of other global automotive companies.  

Utilising a spectrum of industry-leading software platforms, our team is well-versed in delivering an array of proficient services using tools such as SIEMENS NX, Solid Edge, Solidworks, AutoCAD & more. Our proprietary Real-Time Digital System, SanChalan, an AWS cloud-based platform, reinforces our dedication to pioneering the digital revolution within the industry.

We firmly adhere to the ethos of ‚ÄòQuality First‚Äô, with prestigious certifications",http://www.enco.in/,Automotive,"501-1,000 employees","Gurgaon, Haryana",1983,"Sheet metal stampings, Surface coating (ED & Powder Coating), Design services (CAD/CAM/Tool Design/Jig & Fixture Design), Welding, Jig & Fixture Manufacturing, Fabrication, and Auto Parts",ENCO Engineers Combine,https://www.linkedin.com/company/enco-engineers-combine/
"MiniKlub, from the house of First Steps Babywear, was born in 2013 and has now grown by leaps and bounds into an omni-channel brand with a presence in over 600 multi brand outlets, leading e-retailers and exclusive brand stores  - physical and online. 

The crux of the brand lies in its enthusiasm to create companions for little ones, as they discover the world around, with open mouthed wonder. Which is why, safety and comfort, along with functionality & aesthetics are crucial factors for our brand.

Each product is developed through diligent consumer research, material exploration, prototyping and market testing. Because we want to deliver the best. Always.

Lastly our garments are produced at factories that are certified for environmental safety, fair practices and sustainable technologies. Thus, ensuring that the garments are as easy on the planet as they are on your little ones.

The brand is growing at an aggressive pace and has plans to open over 75 exclusive brand stores in the next 2 years.",https://miniklub.in/,Retail Apparel and Fashion,"501-1,000 employees","Bangalore, Karnataka",2012,kids wear,Miniklub Retail,https://www.linkedin.com/company/fs-mini-klub/
"Kreddy brands is among the leading apparel manufacturers in India. Producing around 5,000 garments per day. Apart from our inhouse brands Roman Island, Sky Water, Andrew Mackenzie, the company has distribution rights for more than 35 brands making it the most trusted and reliable B2B clothing company in India.",https://kreddybrands.com/,Retail Apparel and Fashion,"501-1,000 employees","Hyderabad, Telangana",N/A,N/A,Kreddy Brands,https://www.linkedin.com/company/kreddy-brands/
"A part of the renowned Anna-Kitex group of companies, founded by the legendary Late Shri M. C. Jacob, Kitex Garments Ltd is the largest employer in private sector in the state of Kerala. It is located at Kizhakambalam a suburb town of Kochi. The company was established in 1992. With unmatched global connections,  Kitex caters to prominent and renowned conglomerates in USA and Europe. The company currently employs around 9500 people at its facility, and has been a business provider to many satellite businesses in the state.",http://www.kitexgarments.com/,Textile Manufacturing,"5,001-10,000 employees","COCHIN , KIZHAKKAMBALAM",1992,N/A,Kitex Garments,https://www.linkedin.com/company/kitex-garments-limited/
"COLOR CAPITAL¬Æ is a leading retailer of apparel and fashion products in Indian e-commerce industry. We are also a manufacturing house, manufacturing COLOR CAPITAL¬Æ products as well as contract manufacturing for other brands and companies.",https://www.colorcapital.in/,Retail Apparel and Fashion,"501-1,000 employees","Indore, Madhya Pradesh",2018,N/A,Color Capital,https://www.linkedin.com/company/colorcapitalindia/
N/A,http://jollysilks.com/,N/A,N/A,N/A,N/A,N/A,Jolly Silks,https://www.linkedin.com/company/jolly-silks---india/
"JadeBlue is a luxury lifestyle retail chain renowned for the breadth and depth of exclusive menswear and fashion merchandise. It is one of India‚Äôs largest exclusive menswear stores. JadeBlue offers many of the world‚Äôs most prestigious men‚Äôs formals, casuals, occasion wear brands, fabrics, professional outfitting, customized designs, ethnic wear and accessories.",http://jadeblue.com/,Retail,"1,001-5,000 employees","Ahmedabad, Gujarat",1995,"Menswear, Bespoke Clothing, Ready-to-Wear, Multi Brand Store, Ethnic Wear, Men's Accessories, and Men's Clothing",Jade Blue Lifestyle,https://www.linkedin.com/company/jadeblue/
"Exult is now part of Newgen Enterprise. Newgen founded in the year 1996 is a Chennai, India-based a Carlyle Group portfolio company. Newgen Enterprise is a leading solutions provider in eLearning, digital marketing and language services.

We partner with numerous leading and Fortune 1000 companies from around the globe to address their specific requirements and help them achieve their business goals. We believe in adding value and follow a working model that renders a consultative approach, as opposed to a ‚Äúproduction only‚Äù model. We bring in strong experience and expertise in Training development, Learning Management System (LMS) Administration, Mobile Applications, Localization, Web Technology, Publishing and Technical Documentation.

Encompassed with a huge experience base in Publishing, Content Transformation and Learning Solutions Development, we have in time mastered the art of aiding entities succeed through our innovative approaches and solutions that are cost effective. We have a strong 1500+ team spread over eleven global locations that provide cost effective solutions to our customers from varied industries.",http://www.newgen-ent.com/,E-Learning Providers,"501-1,000 employees","Pune, Mahararashtra",1996,"Learning Consulting, Blended Learning, E-Learning, Mobile Learning, Instructional Design, Graphic Design, Project Management, Learning Strategy, Translation and Localization, Learning Solutions, and Training Strategy",Newgen Enterprise,https://www.linkedin.com/company/newgenenterprise/
"D2D International was incorporated in the year 2006 and carved a niche in industry as the known manufacturers and exporters of Kids, Ladies and Men's Wears. Established in 2006 by visionary, young and dynamic entrepreneur Mr. Sasi. D2D directly employs over 1500 people out of which 60% are Women Employees.

Delivering products across ladies, men‚Äôs and children‚Äôs wear, our vertically integrated operations, diversified product range, and a strong commitment to sustainable operations have established D2D as one of the most preferred garment manufacturers in the world.

D2D always believe in improving the peoples quality of life through our products and excellent services. We are a people-focused business with an emphasis on promoting and advancing ethical working practices across the industry. We are also committed to continuous improvement of our environmental footprint across all of our operations. 

We hold a wide range of accreditations and certifications and are proud to be a trusted supplier to many of the world‚Äôs leading apparel retailers including Walmart, next, Splash, Bossini, Kappa, Best & Less and many others.",http://www.d2dinternational.com/,Retail Apparel and Fashion,"1,001-5,000 employees","Tirupur, Tamilnadu",2006,"Apparel, Fashion, Design, Manufacturing, and Sustainability",D2D International,https://www.linkedin.com/company/d2dinternational/
"Honeywell Creation Established in the year 2004 engaged in manufacturing, supplying and exporting of high quality knitted and hosiery garments. We are a Government-recognized star Export house, catering Knitted Garments for kids, men and women. We specialize in kids wear & Men's Polo and ladies tops, nightwear. We are based in Tirupur with established capacity of 1300 no‚Äôs Imported power operated machines. With  production capacity of. 7, 00,000 pieces output per month.",http://www.honeywellcreation.com/,Retail Apparel and Fashion,"5,001-10,000 employees","Tiruppur, Tamil Nadu",2000,N/A,Honeywell Creation,https://www.linkedin.com/company/honeywell-creation/
"Established in the year 2006, Laguna Clothing started as a 50-50 joint venture between Tessitura Monti of Italy and Aquarelle Group (part of CIEL Textile) from Mauritius. 

In the year 2020 CIEL Textile acquired 100% ownership of Laguna clothing.
We are one of the leading manufacturers of high-end formal, semi-formal, casual and sports shirts for brands like Polo Ralph Lauren, Dillard‚Äôs, Hackett, Dressmann, Tommy Hilfiger, REISS, Charles Tyrwhitt, Bestseller, DKNY, Calvin Klein, Benetton, Tiger of Sweden, Harmont & Blaine, etc.

Our shirts are an outcome of fine counts of fabrics cut & stitched by highly skilled workers on best-in-class machines.

We provide design to delivery service with our world-class infrastructure. Quality is our USP and we do everything to achieve it at best.

Our production unit is based in Bangalore, India with an annual capacity of 5 million shirts.

We are fully compliant and hold globally accepted certificates like ISO 26000, Sedex, Flocert, GOTS, Oeko Tex and Higg Index.

Our Vision: Be the best Global Fashion Partner
 
We are committed to creating an inclusive work environment with a diverse workforce. We encourage our teams to think freely and take initiatives, by providing an atmosphere of learning, growth and enthusiasm.  
 
For Opportunities with us: Please send your applications to careers@laguna-clothing.com",https://cieltextile.com/,Retail Apparel and Fashion,"1,001-5,000 employees","Bangalore, Karnataka",N/A,"Men's formal and semi-formal shirts, Clean shirts with light washes, Classic formal shirts, Premium shirts, Design to Delivery service, Premium Quality, and Global Fashion Partner",Laguna Clothing,https://www.linkedin.com/company/laguna-clothing-llp/
"Our products represent the pinnacle of Indian craftsmanship and are unsurpassed for their quality and attention to detail.

Anges bags is the handbags arm of Ganges Jute Pvt Ltd, a world leader in Jute fabrics and diversified products, having a history and experience of over 50 years.

We are an environmentally friendly manufacturing company based in Kolkata dealing in Jute, Cotton and Juco bags.",http://angesbags.com/,Renewable Energy Semiconductor Manufacturing,"5,001-10,000 employees",N/A,2005,N/A,Anges Bags,https://www.linkedin.com/company/anges-bags---india/
"Welcome to the world of amant√© ‚Äì a perfect blend of luxurious comfort, trendy fashion, seamless fit and thoughtful design. Launched in 2007, amant√© specializes in premium quality lingerie for modern day women, who want to and can have it all. Be it about making heads turn with everyday intimate wear or making hearts skip a beat on special occasions, amant√© lingerie is crafted to perfection keeping in mind every need of women. Our finely curated portfolio offers a versatile range of exquisite lingerie, sleepwear, activewear, swimwear, shapewear, liners, accessories and more, making amant√© the ultimate intimate-wear destination.",http://www.amantelingerie.in/,Retail Apparel and Fashion,"501-1,000 employees","Bangalore, Karnataka",N/A,N/A,Amante,https://www.linkedin.com/company/amante-india/
BLAZO Clothing is a manufacturing company of kids apparel by its own private label  ‚ÄúBLAZO.‚Äú,http://www.blazoclothing.com/,Retail Apparel and Fashion,"501-1,000 employees","Mumbai, Maharashtra",2003,N/A,Blazo Clothing,https://www.linkedin.com/company/blazo-clothing-manufacturing-company-private-limited/
"RTNS is one of the leading IT Enabled and Digital Services Company. RTNS has the BEST team of employees in this industry. Our team has a perfect balance of experience, knowledge and energy of youth.

Over the years we were able to build a process driven work ethics and state of the art infrastructure to help our worldwide clients.

Our main services are Networking, GIS applications, Digital Marketing, PPC campaigns, PPC campaign, Website Design and Development, E commerce design and Development, Social Media promotions, Mobile App development.",https://www.rtns.in/,IT Services and IT Consulting,"1,001-5,000 employees","Kolkata, West Bengal",2011,"Network Solution Partner, GIS Application, IT Security & Application Roll Out, Image Processing, Remote Sensing & GIS based Solution, Network Audit, Project Management, Manpower Roll Out Services, Digital Marketing, Search Engine Optimization, PPC Campaigns, Web Design, and Mobile App Development",RT Network Solutions Pvt. Ltd.,https://www.linkedin.com/company/rtns-digital-marketing/
"NSL Textiles Ltd, a part of multi-dimensional NSL Group, is one of the largest and fully integrated Textile Companies in the country, equipped with state-of-art machinery and promoted with the concept of ""Cotton to Clothing"" having its manufacturing operations spread over 5 locations and providing largest employment in Textile sector with 7000 workforce in the State of Andhra Pradesh.",http://www.nsltextiles.com/,Textile Manufacturing,"1,001-5,000 employees","Hyderabad, Telangana",N/A,N/A,NSL Textiles,https://www.linkedin.com/company/nsltextiles/
"Jaya Shree Textiles a Unit of Aditya Birla Nuvo Ltd. is a leading player in Linen and Wool segment of the Global Textile Business. It has significantly revolutionized the Indian and foreign textile market by popularizing ‚ÄòLinen‚Äô across a wide customer base with its brand ‚ÄúLinen Club‚Äù. Jaya Shree Textiles sells its products in over 50 countries, spanning all the six continents of the World. It has an annual turnover of about Rs 800 crores. The company offers a wide range of products such as Linen Yarn, Linen Fabric, Worsted Yarn and Wool Tops.

Today linen and wool products are the key drivers of its textile business. The four product groups are working as four Strategic Business Units (SBUs). They are: Linen Spinning, Linen Fabric, Wool Combing and Worsted Spinning All the four SBUs are driven by the common goal of making the workplace a source of creativity, innovation, and self-fulfillment for all employees.

The company has relevant international system certification viz. ISO 9001: 2008, ISO 14001: 2004, OHSA 18001: 2007 and SA 8000: 2008. Also the Oeko Tex certificate has been obtained towards testing for harmful substances according to Oeko Tex Standard 100.",http://www.linenclub.com/,Retail Apparel and Fashion,"1,001-5,000 employees",N/A,1949,"Linen Fabrics, Linen Yarn, Worsted Yarn, and Wool Tops",Linen Club,https://www.linkedin.com/company/linen-club/
N/A,N/A,N/A,N/A,N/A,N/A,N/A,Gupta Overseas,https://www.linkedin.com/company/clgupta-&-associates/
"At Janasya, our vision is to create fashion that passionately caters to the needs of the modern Indian woman. We strive to innovate and lead in meeting the evolving fashion requirements of the contemporary Indian women, providing them with a comprehensive wardrobe solution for every mood and occasion.

With Janasya, you can discover the finest ethnic collection carefully curated to suit your unique personality. We are committed to fulfilling our promises, delivering the best fits for all sizes, highest quality, and exceptional value for our valued customers.

Inspired by Rashmika Mandanna's iconic style ‚ú®
Gulbahaar -Spring of roses üåπ Live Now!",http://www.janasya.in/,Retail Apparel and Fashion,"501-1,000 employees","Surat, Gujarat",2015,"Kurti, kurti manufacturer, kurta, kurta for women, apparel, ethnic kurti, ecommerce brand for women wear, stylish suit, party wear kurta, women kurti, apparel brand for women, janasya, janasya kurti, kurti manufacturer, kurti dealer, and Janasya fashion",Janasya,https://www.linkedin.com/company/janasyaclothing/
"Basant Overseas is a reputed name in the Footwear Manufacturing industry, Exporting and Supplying worldwide Brands with quality assortment of Leather Footwear. Located in Agra, Uttar Pradesh, India. Basant Overseas is widely acclaimed for the comfort and quality detail we add to each shoe made. Not only known for world-class quality, style and top-notch materials we benefit from 30+ years of shoe manufacturing experience and more than 1+ million shoes shipped every year.

Basant Overseas gives Brands and companies the power to create their own custom collections from scratch and with great value for money. We have a fully integrated facility for Leather finishing, production and logistics in Agra, India, the most exclusive Leather Footwear craftsmanship city in Asia.",http://www.basantoverseas.com/,Retail Apparel and Fashion,"501-1,000 employees","Agra, Uttar Pradesh",1985,"Footwear, Leather Goods, Womens Footwear, Product Design, Manufacturer, Womens Shoes, leather, production, Sourcing, Client Development, and Servicing",Basant Overseas,https://www.linkedin.com/company/basantoverseas/
"Windlass Steelcrafts is the manufacturing company based in Dehradun, India, producing replica and functional swords, sabers, and historical arms and armor. Founded in 1943 supplying Kukri knives to the British Gurkha Regiments, the company is the largest suppliers of swords in the world and the premier supplier of military sabers.

Today, Windlass Steelcrafts works with governments on six continents, providing military supplies such as kukris, combat knives, dress sabers, personal regalia, and army-grade textiles. We also offer props, clothing, and accessories to studios and popular TV productions and shows like Troy, The Lord of the Rings, Kingdom of Heaven, HBO's Rome, and Showtime's the Tudors. At our Dehradun Factory, state-of-the-art manufacturing facilities have helped us partner with artists, design studios, and companies to bring to life iconic pieces, such as the Helmet of Spaniard from Gladiator.

We have offices and warehouses in Atlanta, USA where Museum Replicas Ltd. and Atlanta Cutlery Corp. are our North American headquarters and London, England, from where we supply British military swords and other presentation and ceremonial swords as Windlass Sword Company UK. We also have a manufacturing facility and our European headquarters at the Marto/Bermejo Group in Toledo, Spain. 

We are extremely proud of our weapons and armor, which are expertly crafted by a skilled workforce with 60 plus years of experience in the industry. Days, sometimes months of research, study and extreme focus are involved in achieving authenticity in our products. Countless items from our catalog have been modeled directly off of originals housed in museums or private collections, which helps us to ensure that every little detail is incorporated. In short, our products embody style, substance, and value for money.

Our Quality Management System has ISO 9001:2015 certifications for the manufacture and supply of metallic and leatherettes handicraft items.",https://www.windlass.com/,Sporting Goods Manufacturing,"501-1,000 employees","Dehradun, Uttarakhand",1943,"Military Sabers, Swords, Armor, and Handicrafts",Windlass Steelcrafts,https://www.linkedin.com/company/windlass-steelcrafts-llp/
"MODI ENTERPRISES is a retail company based out of 4 community cxentre, new delhi, delhi, India.",http://modi.com/,Retail,"10,001+ employees","new delhi, delhi",1936,N/A,Modi Enterprises,https://www.linkedin.com/company/modi-enterprises/
We at Karnika are Eastern India's Largest Manufacturers of Kids Readymade garments. We are  dedicated towards latest Fashion and styles for our cute ones as we believe a happy child has a happy mind.,https://www.karnikaindustries.com/,Apparel Manufacturing,"501-1,000 employees","Howrah, West Bengal",2017,"fashion, garments, kidswear, clothing, apparels, manufacturing, apparels, hosiery, clothes, kids, and kidsclothing",Karnika Industries,https://www.linkedin.com/company/karnikaindustrieslimited/
"Lux Industries was set up as the Biswanath Hosiery Mills in 1957 by the late Girdharilalji Todi. Girdharilalji's sons took over the operating responsibilities in 1964. The next 20 years saw the company growing 100 times in size through a series of marketing and manufacturing innovations.
 In 1992, Lux launched their first television commercial with the famous yeh andar ki baat hai tagline. The following year saw the company launch their export operations and quickly established a strong presence overseas, with offices in the Middle East, Europe, and Africa. In 1994, Lux organised the first Dealer‚Äôs Conference in the Indian hosiery industry and also established the industry‚Äôs first International Dealers' Tour. 1995 saw the company officially changing its name to Lux industries limited. This was followed in short order by the establishment of over 500,000 retail outlets all over India, and has offices in Kolkata, Delhi, Agra, Indore, Mumbai, Ludhiana, Jaipur, and Roorkee.",http://www.lux.ind.in/,Textile Manufacturing,"501-1,000 employees","Kolkata, West Bengal",N/A,"Innerwear, Premium Innerwear, Winterwear, Leggings, and Hosiery Garments",Lux Industries,https://www.linkedin.com/company/lux-industries-ltd/
"Evolv Technology is a leading security technology company pioneering AI-based weapons screening to create safer experiences, securing the world‚Äôs most iconic venues and companies. We help provide sports fans, theme park visitors, concertgoers, shoppers, employees, students, healthcare workers and others peace of mind so that they can gather without fear of violence.  Our security screening has scanned more than 1 billion people worldwide, and our technology combines powerful, advanced sensors with proven artificial intelligence (AI), security ecosystem integrations, and comprehensive venue analytics to detect threats 10 times faster than traditional metal detectors.  

Subscribe to our YouTube Channel: https://www.youtube.com/c/EvolvTechnology",http://www.evolv.com/,Security and Investigations,51-200 employees,"Waltham, Massachusetts",2013,"Machine Learning, Sensors, Physical Security, Artificial Intelligence, People Screening, Weapons Detection, Threat Detection, Thermal Imaging, Security Screening, Digital Threshold, Thermal Imaging, Digitally Transforming Security, Security Data Analytics, Security Concept of Operations, Metal Detection, Saving Lives, Detecting Mass Casualty Threats, Event Security Screening, Employee Screening, and Human Safety",Evolv,https://www.linkedin.com/company/evolv-technology/
"With a rich legacy that dates back to 1985, Lalithaa Jewellery stands out amongst the various jewellers in Chennai, not just for its low wastage but also for the exhaustive range it offers and indeed for the depth and beauty of the craft inherent in almost every item it showcases.

The designs, all of them in 916 BIS Hallmarked gold, spell class, staking claim to mixed origins like Mumbai, Rajkot, Kolkata, Kerala and Coimbatore regions. The quality of gold, certified as they are by the Bureau of Indian standards as 916 BIS Hallmark, is unmistakable. And the intricate workmanship that√¢‚Ç¨‚Ñ¢s a hallmark of the Lalithaa brand, is a fine attraction.",http://lalithaajewellery.com/,Retail Luxury Goods and Jewelry,"1,001-5,000 employees","Chennai, Tamil Nadu",1985,"Indian Jewellery, Indian Jewellery Online, Diamond Jewellery, Platinum Jewellery, and Gold Ornaments",Lalithaa Jewellery,https://www.linkedin.com/company/lalithaa-jewellery/
"PASHMA is a multi-national luxury brand born out of passion towards building a global fashion label that is designed, curated and manufactured in India.
Made in India was synonymous with being ethnic and to disrupt this paradigm fashion entrepreneur Shilu Kumar embarked on an arduous and ambitious journey. Embodying the finest craftsmanship, Pashma launched a line of scarves and shawls in 1999 and was showcased at the Milano Vende Moda- a prestigious trade show. It evoked an instant 'bellissima' among fashionistas for its refreshing take on luxury fashion that celebrated individualism.
The brand represents the spirit, aspirations, passion and dynamism of new India. Our future is not wavered by traditions and conventions as we chart our own course on the path of modernity, amidst the rich backdrop of our heritage.

How We Create
‚Ä¢ Pashma‚Äôs products are crafted in its one-of-a-kind manufacturing facilities that blend primitive textile traditions with state-of-the-art modern day technology
‚Ä¢ In-house facilities in Worsted, spinning, weaving, knitting, dyeing, printing and fabrication makes it the only boutique mill to have this level of integration
‚Ä¢ A design team where artisans interact freely with professionally trained designers to create a distinct hand-writing

What We Create
‚Ä¢ An expansive and opulent selection of scarves and wraps crafted from the finest qualities of cashmere and silk
‚Ä¢ A unique collection trans-seasonal knitwear made from the finest qualities of cashmere and silk Seri lavished with the most eye-catching motifs

Over 15 years, Pashma has developed a global fan following and has bloomed into a lifestyle brand with ready-to-wear collections for women and men. It is sold through its growing network of standalone stores and leading specialty and department stores in 40 countries. 
From the opulence of the Maharajas of India to the iconoclasm of contemporary street art, Pashma celebrates the beautiful contradiction that is modern India.",http://pashma.com/,Apparel & Fashion,"501-1,000 employees","Gurugram, HR",1999,N/A,Pashma,https://www.linkedin.com/company/pashma/
Efficient Online Bookkeeping Services,https://www.carltononlinebookkeeping.com.au/,Accounting,2-10 employees,N/A,N/A,N/A,Carlton Online,https://www.linkedin.com/company/carlton-online-bookkeeping/
"‚ÄòMalwa Industries Limited‚Äô --
                                     20 million meters of Fashion, 
                          5 million pieces of Pleasure-wear, 
                Global Know-how 
                             yet Integrated Passion, 
                                       Inspiring the Next in TopGear.",http://www.malwagroup.com/,Textile Manufacturing,"1,001-5,000 employees","Ludhiana, Punjab",N/A,N/A,Malwa Industries,https://www.linkedin.com/company/malwa-industries-limited/
"Founded by Mr. Jagshi V. Dedhia in the year 1975, Shree Rashmi Dresses, Stands on its Basic Business Values of Quality, Consistency, Integrity and Constant Innovation. The Organization is very strong on ethics and business principles both fundamentally and morally, but what really make this organization have a superior presence are its team members, dedication and determination of the employees and an environment that is conducive to the Quality of the Product, the Service and our dreams to create the best for our people.
Get updated with the latest and trending traditional wear @neuron Clothing. We understand the ideology of todays generation.  No one does minimalistic fashion better than Neuron Clothing. Comfort is on priority for the brand, it's masterfully crafted & mollifying designs bring out the Indian look in you.",http://neuronclothing.com/,Retail Apparel and Fashion,"1,001-5,000 employees","Mumbai, Maharashtra",1975,N/A,Neuron Clothing,https://www.linkedin.com/company/neuron-clothing/
"Accenture is a leading global professional services company that helps the world‚Äôs leading businesses, governments and other organizations build their digital core, optimize their operations, accelerate revenue growth and enhance citizen services‚Äîcreating tangible value at speed and scale.
 
We are a talent and innovation-led company serving clients in more than 120 countries. We combine our strength in technology and leadership in cloud, data and AI with unmatched industry experience, functional expertise and global delivery capability. We measure our success by the 360¬∞ value we create for our clients, each other, our shareholders, partners and communities.

This LinkedIn company page is moderated. When engaging with Accenture, we encourage everyone to:

- Use common courtesy and be respectful of others.
- Create your own original content and avoid content that you know to be fraudulent.
- Never repost someone else's copyrighted work, unless you have permission.
- Never post personal, identifying, or confidential information.

We reserve the right to delete comments or posts we deem to be:

- Profane, obscene, inappropriate, offensive, abusive material.
- Spam, repeated comments and commercial messages and personal advertisements.
- Discriminatory or that contain hateful speech of any kind regarding age, gender, race, religion, nationality, sexual orientation, gender identity or disability.
- Threats; personal attacks; abusive, defamatory, derogatory, or inflammatory language; or stalking or harassment of any individual, entity or organization.
- False, inaccurate, libelous, or otherwise misleading in any way.",http://www.accenture.com/,Business Consulting and Services,"10,001+ employees",N/A,N/A,"Management Consulting, Systems Integration and Technology, Business Process Outsourcing, and Application and Infrastructure Outsourcing",Accenture,https://www.linkedin.com/company/accenture/
